[{"pos_x": 17.0, "pos_y": 114.5, "rotation": 180.0, "side": "bottom", "designator": "REF**", "mpn": null, "pack": "OSHW-Logo2_14.6x12mm_SilkScreen", "value": "OSHW-Logo2_14.6x12mm_SilkScreen", "mount_type": "tht", "place": false}, {"pos_x": 41.0, "pos_y": 52.65, "rotation": 90.0, "side": "top", "designator": "R104", "mpn": null, "pack": "R_Axial_DIN0309_L9.0mm_D3.2mm_P12.70mm_Horizontal", "value": "120R", "mount_type": "tht", "place": true}, {"pos_x": 103.99, "pos_y": 125.6, "rotation": 0.0, "side": "top", "designator": "H109", "mpn": null, "pack": "MountingHole_3.2mm_M3", "value": "MountingHole", "mount_type": "tht", "place": false}, {"pos_x": 42.86, "pos_y": 125.6, "rotation": 0.0, "side": "top", "designator": "H107", "mpn": null, "pack": "MountingHole_3.2mm_M3", "value": "MountingHole", "mount_type": "tht", "place": false}, {"pos_x": 68.43, "pos_y": 125.6, "rotation": 0.0, "side": "top", "designator": "H108", "mpn": null, "pack": "MountingHole_3.2mm_M3", "value": "MountingHole", "mount_type": "tht", "place": false}, {"pos_x": 7.47, "pos_y": 125.6, "rotation": 0.0, "side": "top", "designator": "H106", "mpn": null, "pack": "MountingHole_3.2mm_M3", "value": "MountingHole", "mount_type": "tht", "place": false}, {"pos_x": 134.47, "pos_y": 125.6, "rotation": 0.0, "side": "top", "designator": "H110", "mpn": null, "pack": "MountingHole_3.2mm_M3", "value": "MountingHole", "mount_type": "tht", "place": false}, {"pos_x": 103.99, "pos_y": 3.1, "rotation": 0.0, "side": "top", "designator": "H104", "mpn": null, "pack": "MountingHole_3.2mm_M3", "value": "MountingHole", "mount_type": "tht", "place": false}, {"pos_x": 42.86, "pos_y": 3.1, "rotation": 0.0, "side": "top", "designator": "H102", "mpn": null, "pack": "MountingHole_3.2mm_M3", "value": "MountingHole", "mount_type": "tht", "place": false}, {"pos_x": 68.43, "pos_y": 3.1, "rotation": 0.0, "side": "top", "designator": "H103", "mpn": null, "pack": "MountingHole_3.2mm_M3", "value": "MountingHole", "mount_type": "tht", "place": false}, {"pos_x": 7.47, "pos_y": 3.1, "rotation": 0.0, "side": "top", "designator": "H101", "mpn": null, "pack": "MountingHole_3.2mm_M3", "value": "MountingHole", "mount_type": "tht", "place": false}, {"pos_x": 134.47, "pos_y": 3.1, "rotation": 0.0, "side": "top", "designator": "H105", "mpn": null, "pack": "MountingHole_3.2mm_M3", "value": "MountingHole", "mount_type": "tht", "place": false}, {"pos_x": 12.0, "pos_y": 64.35, "rotation": -90.0, "side": "top", "designator": "J105", "mpn": null, "pack": "Molex_Mini-Fit_Jr_5566-24A2_2x12_P4.20mm_Vertical", "value": "ATX-24", "mount_type": "tht", "place": true}, {"pos_x": 40.5, "pos_y": 91.35, "rotation": -90.0, "side": "top", "designator": "R103", "mpn": null, "pack": "R_Axial_DIN0309_L9.0mm_D3.2mm_P12.70mm_Horizontal", "value": "1.2k", "mount_type": "tht", "place": true}, {"pos_x": 11.0, "pos_y": 107.35, "rotation": -90.0, "side": "top", "designator": "R102", "mpn": null, "pack": "R_Axial_DIN0309_L9.0mm_D3.2mm_P12.70mm_Horizontal", "value": "220R", "mount_type": "tht", "place": true}, {"pos_x": 122.5, "pos_y": 44.5, "rotation": 0.0, "side": "top", "designator": "R101", "mpn": null, "pack": "R_Axial_DIN0309_L9.0mm_D3.2mm_P12.70mm_Horizontal", "value": "270R", "mount_type": "tht", "place": true}, {"pos_x": 20.0, "pos_y": 34.04, "rotation": 90.0, "side": "top", "designator": "D106", "mpn": null, "pack": "D_DO-35_SOD27_P7.62mm_Horizontal", "value": "1N4148", "mount_type": "tht", "place": true}, {"pos_x": 20.0, "pos_y": 63.85, "rotation": -90.0, "side": "top", "designator": "D105", "mpn": null, "pack": "D_DO-35_SOD27_P7.62mm_Horizontal", "value": "SD103C", "mount_type": "tht", "place": true}, {"pos_x": 20.0, "pos_y": 79.04, "rotation": 90.0, "side": "top", "designator": "D104", "mpn": null, "pack": "D_DO-35_SOD27_P7.62mm_Horizontal", "value": "SD103C", "mount_type": "tht", "place": true}, {"pos_x": 20.0, "pos_y": 23.04, "rotation": 90.0, "side": "top", "designator": "D103", "mpn": null, "pack": "D_DO-35_SOD27_P7.62mm_Horizontal", "value": "SD103C", "mount_type": "tht", "place": true}, {"pos_x": 20.0, "pos_y": 74.85, "rotation": -90.0, "side": "top", "designator": "D102", "mpn": null, "pack": "D_DO-35_SOD27_P7.62mm_Horizontal", "value": "SD103C", "mount_type": "tht", "place": true}, {"pos_x": 20.0, "pos_y": 52.66, "rotation": -90.0, "side": "top", "designator": "D101", "mpn": null, "pack": "D_DO-35_SOD27_P7.62mm_Horizontal", "value": "SD103C", "mount_type": "tht", "place": true}, {"pos_x": 8.817621, "pos_y": 87.5, "rotation": 0.0, "side": "top", "designator": "C111", "mpn": null, "pack": "CP_Radial_D6.3mm_P2.50mm", "value": "10u", "mount_type": "tht", "place": true}, {"pos_x": 18.5, "pos_y": 16.0, "rotation": 0.0, "side": "top", "designator": "C110", "mpn": null, "pack": "CP_Radial_D6.3mm_P2.50mm", "value": "10u", "mount_type": "tht", "place": true}, {"pos_x": 8.317621, "pos_y": 77.0, "rotation": 0.0, "side": "top", "designator": "C109", "mpn": null, "pack": "CP_Radial_D6.3mm_P2.50mm", "value": "10u", "mount_type": "tht", "place": true}, {"pos_x": 132.0, "pos_y": 115.0, "rotation": 0.0, "side": "top", "designator": "C108", "mpn": null, "pack": "CP_Radial_D6.3mm_P2.50mm", "value": "10u", "mount_type": "tht", "place": true}, {"pos_x": 20.0, "pos_y": 90.85, "rotation": 90.0, "side": "top", "designator": "C107", "mpn": null, "pack": "C_0603_1608Metric_Pad1.08x0.95mm_HandSolder", "value": "100n", "mount_type": "smt", "place": true}, {"pos_x": 133.0, "pos_y": 37.5, "rotation": 0.0, "side": "top", "designator": "C106", "mpn": null, "pack": "C_0603_1608Metric_Pad1.08x0.95mm_HandSolder", "value": "100n", "mount_type": "smt", "place": true}, {"pos_x": 125.0, "pos_y": 37.5, "rotation": 0.0, "side": "top", "designator": "C105", "mpn": null, "pack": "C_0603_1608Metric_Pad1.08x0.95mm_HandSolder", "value": "100n", "mount_type": "smt", "place": true}, {"pos_x": 133.0, "pos_y": 76.0, "rotation": 0.0, "side": "top", "designator": "C104", "mpn": null, "pack": "C_0603_1608Metric_Pad1.08x0.95mm_HandSolder", "value": "100n", "mount_type": "smt", "place": true}, {"pos_x": 125.0, "pos_y": 76.0, "rotation": 0.0, "side": "top", "designator": "C103", "mpn": null, "pack": "C_0603_1608Metric_Pad1.08x0.95mm_HandSolder", "value": "100n", "mount_type": "smt", "place": true}, {"pos_x": 133.0, "pos_y": 108.0, "rotation": 0.0, "side": "top", "designator": "C102", "mpn": null, "pack": "C_0603_1608Metric_Pad1.08x0.95mm_HandSolder", "value": "100n", "mount_type": "smt", "place": true}, {"pos_x": 125.0, "pos_y": 108.0, "rotation": 0.0, "side": "top", "designator": "C101", "mpn": null, "pack": "C_0603_1608Metric_Pad1.08x0.95mm_HandSolder", "value": "100n", "mount_type": "smt", "place": true}, {"pos_x": 16.0, "pos_y": 71.725, "rotation": 0.0, "side": "bottom", "designator": "J104", "mpn": null, "pack": "PinHeader_1x02_P2.54mm_Vertical", "value": "Soft PWR", "mount_type": "tht", "place": true}, {"pos_x": 125.0, "pos_y": 71.0, "rotation": -90.0, "side": "top", "designator": "RN103", "mpn": null, "pack": "R_Array_SIP9", "value": "270R", "mount_type": "tht", "place": true}, {"pos_x": 88.75, "pos_y": 103.72, "rotation": 0.0, "side": "top", "designator": "J106", "mpn": null, "pack": "DIN41612_C_2x32_Female_Vertical_THT", "value": "DIN41612_02x32_AC", "mount_type": "tht", "place": true}, {"pos_x": 133.0, "pos_y": 32.675, "rotation": -90.0, "side": "top", "designator": "RN106", "mpn": null, "pack": "R_Array_SIP9", "value": "270R", "mount_type": "tht", "place": true}, {"pos_x": 68.43, "pos_y": 103.72, "rotation": 0.0, "side": "top", "designator": "J103", "mpn": null, "pack": "DIN41612_C_2x32_Female_Vertical_THT", "value": "DIN41612_02x32_AC", "mount_type": "tht", "place": true}, {"pos_x": 48.11, "pos_y": 103.72, "rotation": 0.0, "side": "top", "designator": "J102", "mpn": null, "pack": "DIN41612_C_2x32_Female_Vertical_THT", "value": "DIN41612_02x32_AC", "mount_type": "tht", "place": true}, {"pos_x": 125.0, "pos_y": 113.0, "rotation": 0.0, "side": "top", "designator": "U101", "mpn": null, "pack": "TSOT-23_HandSoldering", "value": "RT9080", "mount_type": "smt", "place": true}, {"pos_x": 133.0, "pos_y": 71.0, "rotation": -90.0, "side": "top", "designator": "RN104", "mpn": null, "pack": "R_Array_SIP9", "value": "270R", "mount_type": "tht", "place": true}, {"pos_x": 109.07, "pos_y": 103.72, "rotation": 0.0, "side": "top", "designator": "J107", "mpn": null, "pack": "DIN41612_C_2x32_Female_Vertical_THT", "value": "DIN41612_02x32_AC", "mount_type": "tht", "place": true}, {"pos_x": 39.23, "pos_y": 72.14, "rotation": 0.0, "side": "top", "designator": "Q101", "mpn": null, "pack": "TO-92_Inline", "value": "2N3904", "mount_type": "tht", "place": true}, {"pos_x": 125.0, "pos_y": 103.175, "rotation": -90.0, "side": "top", "designator": "RN101", "mpn": null, "pack": "R_Array_SIP9", "value": "270R", "mount_type": "tht", "place": true}, {"pos_x": 133.0, "pos_y": 103.175, "rotation": -90.0, "side": "top", "designator": "RN102", "mpn": null, "pack": "R_Array_SIP9", "value": "270R", "mount_type": "tht", "place": true}, {"pos_x": 125.0, "pos_y": 32.675, "rotation": -90.0, "side": "top", "designator": "RN105", "mpn": null, "pack": "R_Array_SIP9", "value": "270R", "mount_type": "tht", "place": true}, {"pos_x": 27.79, "pos_y": 103.72, "rotation": 0.0, "side": "top", "designator": "J101", "mpn": null, "pack": "DIN41612_C_2x32_Female_Vertical_THT", "value": "DIN41612_02x32_AC", "mount_type": "tht", "place": true}, {"pos_x": 40.0, "pos_y": 95.5, "rotation": 0.0, "side": "bottom", "designator": "JP101", "mpn": null, "pack": "SolderJumper-2_P1.3mm_Open_RoundedPad1.0x1.5mm", "value": "PWR FAIL", "mount_type": "tht", "place": true}, {"pos_x": 40.0, "pos_y": 32.5, "rotation": 90.0, "side": "bottom", "designator": "JP102", "mpn": null, "pack": "SolderJumper-3_P1.3mm_Bridged12_RoundedPad1.0x1.5mm_NumberLabels", "value": "Standby", "mount_type": "tht", "place": true}]